item_number	condition_name	region_number	content	metric_value	oovs
1	sentence	1	The princess	15.737474718798719	
1	sentence	2	likes	12.418929132557723	
1	sentence	3	dancing	10.736374704024623	
1	sentence	4	, but does not	23.63170799024054	
1	sentence	5	have	4.64695540390921	
1	sentence	6	it.	10.237794591416229	
2	sentence	1	The princess	15.737474718798719	
2	sentence	2	likes	12.418929132557723	
2	sentence	3	dancing	10.736374704024623	
2	sentence	4	, but does not	23.63170799024054	
2	sentence	5	know	4.824386465151353	
2	sentence	6	it.	8.56675113368803	
3	sentence	1	The princess	15.737474718798719	
3	sentence	2	likes	12.418929132557723	
3	sentence	3	dancing	10.736374704024623	
3	sentence	4	, but does not	23.63170799024054	
3	sentence	5	get	6.880297342511919	
3	sentence	6	it.	7.030823953801036	
4	sentence	1	The princess	15.737474718798719	
4	sentence	2	likes	12.418929132557723	
4	sentence	3	dancing	10.736374704024623	
4	sentence	4	, but does not	23.63170799024054	
4	sentence	5	go	7.090484907367995	
4	sentence	6	it.	19.918201666553337	
5	sentence	1	The princess	15.737474718798719	
5	sentence	2	likes	12.418929132557723	
5	sentence	3	dancing	10.736374704024623	
5	sentence	4	, but does not	23.63170799024054	
5	sentence	5	come	10.243166297533278	
5	sentence	6	it.	14.863972427309402	
6	sentence	1	The princess	15.737474718798719	
6	sentence	2	likes	12.418929132557723	
6	sentence	3	dancing	10.736374704024623	
6	sentence	4	, but does not	23.63170799024054	
6	sentence	5	see	7.445589181424695	
6	sentence	6	it.	7.597083023142265	
7	sentence	1	The princess	15.737474718798719	
7	sentence	2	likes	12.418929132557723	
7	sentence	3	dancing	10.736374704024623	
7	sentence	4	, but does not	23.63170799024054	
7	sentence	5	let	8.184085435952008	
7	sentence	6	it.	11.080594196108215	
8	sentence	1	The princess	15.737474718798719	
8	sentence	2	likes	12.418929132557723	
8	sentence	3	dancing	10.736374704024623	
8	sentence	4	, but does not	23.63170799024054	
8	sentence	5	take	7.121678432650888	
8	sentence	6	it.	10.41341536327539	
9	sentence	1	The princess	15.737474718798719	
9	sentence	2	likes	12.418929132557723	
9	sentence	3	dancing	10.736374704024623	
9	sentence	4	, but does not	23.63170799024054	
9	sentence	5	say	8.438982986587588	
9	sentence	6	it.	6.845667259899486	
10	sentence	1	The princess	15.737474718798719	
10	sentence	2	likes	12.418929132557723	
10	sentence	3	dancing	10.736374704024623	
10	sentence	4	, but does not	23.63170799024054	
10	sentence	5	make	7.8946482655783505	
10	sentence	6	it.	9.550321117850988	
11	sentence	1	The princess	15.737474718798719	
11	sentence	2	likes	12.418929132557723	
11	sentence	3	dancing	10.736374704024623	
11	sentence	4	, but does not	23.63170799024054	
11	sentence	5	give	7.575514506914909	
11	sentence	6	it.	10.079105855499815	
12	sentence	1	The princess	15.737474718798719	
12	sentence	2	likes	12.418929132557723	
12	sentence	3	dancing	10.736374704024623	
12	sentence	4	, but does not	23.63170799024054	
12	sentence	5	find	8.63290236853325	
12	sentence	6	it.	11.842446210570653	
13	sentence	1	The princess	15.737474718798719	
13	sentence	2	likes	12.418929132557723	
13	sentence	3	dancing	10.736374704024623	
13	sentence	4	, but does not	23.63170799024054	
13	sentence	5	keep	9.270641555156683	
13	sentence	6	it.	7.703247397571923	
14	sentence	1	The princess	15.737474718798719	
14	sentence	2	likes	12.418929132557723	
14	sentence	3	dancing	10.736374704024623	
14	sentence	4	, but does not	23.63170799024054	
14	sentence	5	leave	10.755360900749274	
14	sentence	6	it.	8.736055498728952	
15	sentence	1	The princess	15.737474718798719	
15	sentence	2	likes	12.418929132557723	
15	sentence	3	dancing	10.736374704024623	
15	sentence	4	, but does not	23.63170799024054	
15	sentence	5	believe	7.346263009175992	
15	sentence	6	it.	8.257785161326249	
16	sentence	1	The princess	15.737474718798719	
16	sentence	2	likes	12.418929132557723	
16	sentence	3	dancing	10.736374704024623	
16	sentence	4	, but does not	23.63170799024054	
16	sentence	5	remember	8.693880537223167	
16	sentence	6	it.	6.471524850357575	
17	sentence	1	The princess	15.737474718798719	
17	sentence	2	likes	12.418929132557723	
17	sentence	3	dancing	10.736374704024623	
17	sentence	4	, but does not	23.63170799024054	
17	sentence	5	run	10.81369741592194	
17	sentence	6	it.	11.593613284152449	
18	sentence	1	The princess	15.737474718798719	
18	sentence	2	likes	12.418929132557723	
18	sentence	3	dancing	10.736374704024623	
18	sentence	4	, but does not	23.63170799024054	
18	sentence	5	happen	12.819746395213757	
18	sentence	6	it.	16.732302171339207	
19	sentence	1	The princess	15.737474718798719	
19	sentence	2	likes	12.418929132557723	
19	sentence	3	dancing	10.736374704024623	
19	sentence	4	, but does not	23.63170799024054	
19	sentence	5	buy	9.807711728993475	
19	sentence	6	it.	4.139120560892587	
20	sentence	1	The princess	15.737474718798719	
20	sentence	2	likes	12.418929132557723	
20	sentence	3	dancing	10.736374704024623	
20	sentence	4	, but does not	23.63170799024054	
20	sentence	5	save	13.508821715189134	
20	sentence	6	it.	7.382950176275395	
21	sentence	1	The princess	15.737474718798719	
21	sentence	2	likes	12.418929132557723	
21	sentence	3	dancing	10.736374704024623	
21	sentence	4	, but does not	23.63170799024054	
21	sentence	5	lose	11.736404287788408	
21	sentence	6	it.	6.9941873496009865	
22	sentence	1	The princess	15.737474718798719	
22	sentence	2	likes	12.418929132557723	
22	sentence	3	dancing	10.736374704024623	
22	sentence	4	, but does not	23.63170799024054	
22	sentence	5	follow	8.36151649719415	
22	sentence	6	it.	6.905381356105561	
23	sentence	1	The princess	15.737474718798719	
23	sentence	2	likes	12.418929132557723	
23	sentence	3	dancing	10.736374704024623	
23	sentence	4	, but does not	23.63170799024054	
23	sentence	5	expect	9.500685548950775	
23	sentence	6	it.	6.234858148644056	
24	sentence	1	The princess	15.737474718798719	
24	sentence	2	likes	12.418929132557723	
24	sentence	3	dancing	10.736374704024623	
24	sentence	4	, but does not	23.63170799024054	
24	sentence	5	realize	9.164755276673468	
24	sentence	6	it.	5.502427894195325	
25	sentence	1	The princess	15.737474718798719	
25	sentence	2	likes	12.418929132557723	
25	sentence	3	dancing	10.736374704024623	
25	sentence	4	, but does not	23.63170799024054	
25	sentence	5	slow	14.571536911400601	
25	sentence	6	it.	11.680856299316833	
26	sentence	1	The princess	15.737474718798719	
26	sentence	2	likes	12.418929132557723	
26	sentence	3	dancing	10.736374704024623	
26	sentence	4	, but does not	23.63170799024054	
26	sentence	5	allow	8.294616621869725	
26	sentence	6	it.	5.142526336075457	
27	sentence	1	The princess	15.737474718798719	
27	sentence	2	likes	12.418929132557723	
27	sentence	3	dancing	10.736374704024623	
27	sentence	4	, but does not	23.63170799024054	
27	sentence	5	consider	8.502911001705105	
27	sentence	6	it.	9.959367062420204	
28	sentence	1	The princess	15.737474718798719	
28	sentence	2	likes	12.418929132557723	
28	sentence	3	dancing	10.736374704024623	
28	sentence	4	, but does not	23.63170799024054	
28	sentence	5	apologize	14.571823090531637	
28	sentence	6	it.	13.650026006888233	
29	sentence	1	The princess	15.737474718798719	
29	sentence	2	likes	12.418929132557723	
29	sentence	3	dancing	10.736374704024623	
29	sentence	4	, but does not	23.63170799024054	
29	sentence	5	recognize	10.012726055711598	
29	sentence	6	it.	5.352157021108041	
30	sentence	1	The princess	15.737474718798719	
30	sentence	2	likes	12.418929132557723	
30	sentence	3	dancing	10.736374704024623	
30	sentence	4	, but does not	23.63170799024054	
30	sentence	5	settle	14.171876748019573	
30	sentence	6	it.	9.797857123099035	
31	sentence	1	The princess	15.737474718798719	
31	sentence	2	likes	12.418929132557723	
31	sentence	3	dancing	10.736374704024623	
31	sentence	4	, but does not	23.63170799024054	
31	sentence	5	add	12.921406028069367	
31	sentence	6	it.	9.544329930225532	
32	sentence	1	The princess	15.737474718798719	
32	sentence	2	likes	12.418929132557723	
32	sentence	3	dancing	10.736374704024623	
32	sentence	4	, but does not	23.63170799024054	
32	sentence	5	assume	15.003975592174875	
32	sentence	6	it.	7.415865075910774	
33	sentence	1	The princess	15.737474718798719	
33	sentence	2	likes	12.418929132557723	
33	sentence	3	dancing	10.736374704024623	
33	sentence	4	, but does not	23.63170799024054	
33	sentence	5	appear	9.344145564274239	
33	sentence	6	it.	16.947363724520734	
34	sentence	1	The princess	15.737474718798719	
34	sentence	2	likes	12.418929132557723	
34	sentence	3	dancing	10.736374704024623	
34	sentence	4	, but does not	23.63170799024054	
34	sentence	5	remove	14.215111810585276	
34	sentence	6	it.	5.773944988297032	
35	sentence	1	The princess	15.737474718798719	
35	sentence	2	likes	12.418929132557723	
35	sentence	3	dancing	10.736374704024623	
35	sentence	4	, but does not	23.63170799024054	
35	sentence	5	identify	12.077375715527806	
35	sentence	6	it.	9.32724035762503	
36	sentence	1	The princess	15.737474718798719	
36	sentence	2	likes	12.418929132557723	
36	sentence	3	dancing	10.736374704024623	
36	sentence	4	, but does not	23.63170799024054	
36	sentence	5	replace	16.41309961961542	
36	sentence	6	it.	3.6278372937435126	
37	sentence	1	The princess	15.737474718798719	
37	sentence	2	likes	12.418929132557723	
37	sentence	3	dancing	10.736374704024623	
37	sentence	4	, but does not	23.63170799024054	
37	sentence	5	apply	12.419337763336172	
37	sentence	6	it.	8.046972955482238	
38	sentence	1	The princess	15.737474718798719	
38	sentence	2	likes	12.418929132557723	
38	sentence	3	dancing	10.736374704024623	
38	sentence	4	, but does not	23.63170799024054	
38	sentence	5	succeed	12.170692126024758	
38	sentence	6	it.	11.13503925983981	
39	sentence	1	The princess	15.737474718798719	
39	sentence	2	likes	12.418929132557723	
39	sentence	3	dancing	10.736374704024623	
39	sentence	4	, but does not	23.63170799024054	
39	sentence	5	develop	12.866899910496718	
39	sentence	6	it.	8.208542228817954	
40	sentence	1	The princess	15.737474718798719	
40	sentence	2	likes	12.418929132557723	
40	sentence	3	dancing	10.736374704024623	
40	sentence	4	, but does not	23.63170799024054	
40	sentence	5	approve	9.496524944661102	
40	sentence	6	it.	7.666322378466377	
41	sentence	1	The princess	15.737474718798719	
41	sentence	2	likes	12.418929132557723	
41	sentence	3	dancing	10.736374704024623	
41	sentence	4	, but does not	23.63170799024054	
41	sentence	5	expose	15.05339652672681	
41	sentence	6	it.	8.227867059382154	
42	sentence	1	The princess	15.737474718798719	
42	sentence	2	likes	12.418929132557723	
42	sentence	3	dancing	10.736374704024623	
42	sentence	4	, but does not	23.63170799024054	
42	sentence	5	establish	16.836666747327584	
42	sentence	6	it.	8.153821132931728	
43	sentence	1	The princess	15.737474718798719	
43	sentence	2	likes	12.418929132557723	
43	sentence	3	dancing	10.736374704024623	
43	sentence	4	, but does not	23.63170799024054	
43	sentence	5	reduce	16.501110709298555	
43	sentence	6	it.	7.051262887977525	
44	sentence	1	The princess	15.737474718798719	
44	sentence	2	likes	12.418929132557723	
44	sentence	3	dancing	10.736374704024623	
44	sentence	4	, but does not	23.63170799024054	
44	sentence	5	participate	9.795604150372734	
44	sentence	6	it.	14.362846283537635	
45	sentence	1	The princess	15.737474718798719	
45	sentence	2	likes	12.418929132557723	
45	sentence	3	dancing	10.736374704024623	
45	sentence	4	, but does not	23.63170799024054	
45	sentence	5	organize	15.66537959155703	
45	sentence	6	it.	6.843082360657018	
46	sentence	1	The princess	15.737474718798719	
46	sentence	2	likes	12.418929132557723	
46	sentence	3	dancing	10.736374704024623	
46	sentence	4	, but does not	23.63170799024054	
46	sentence	5	obtain	14.892806006657155	
46	sentence	6	it.	7.670249430316179	
47	sentence	1	The princess	15.737474718798719	
47	sentence	2	likes	12.418929132557723	
47	sentence	3	dancing	10.736374704024623	
47	sentence	4	, but does not	23.63170799024054	
47	sentence	5	kitten	22.472964733075962	
47	sentence	6	it.	8.188461878468516	
48	sentence	1	The princess	15.737474718798719	
48	sentence	2	likes	12.418929132557723	
48	sentence	3	dancing	10.736374704024623	
48	sentence	4	, but does not	23.63170799024054	
48	sentence	5	acquire	15.995035936730861	
48	sentence	6	it.	6.996784459611666	
49	sentence	1	The princess	15.737474718798719	
49	sentence	2	likes	12.418929132557723	
49	sentence	3	dancing	10.736374704024623	
49	sentence	4	, but does not	23.63170799024054	
49	sentence	5	qualify	15.434675184383623	
49	sentence	6	it.	10.267439584910754	
50	sentence	1	The princess	15.737474718798719	
50	sentence	2	likes	12.418929132557723	
50	sentence	3	dancing	10.736374704024623	
50	sentence	4	, but does not	23.63170799024054	
50	sentence	5	criticize	15.100550042009774	
50	sentence	6	it.	4.974858041992193	
51	sentence	1	The princess	15.737474718798719	
51	sentence	2	likes	12.418929132557723	
51	sentence	3	dancing	10.736374704024623	
51	sentence	4	, but does not	23.63170799024054	
51	sentence	5	rave	15.313027039914136	
51	sentence	6	it.	11.085643434754898	
52	sentence	1	The princess	15.737474718798719	
52	sentence	2	likes	12.418929132557723	
52	sentence	3	dancing	10.736374704024623	
52	sentence	4	, but does not	23.63170799024054	
52	sentence	5	enlighten	18.46677835027381	
52	sentence	6	it.	9.190232442606982	
53	sentence	1	The princess	15.737474718798719	
53	sentence	2	likes	12.418929132557723	
53	sentence	3	dancing	10.736374704024623	
53	sentence	4	, but does not	23.63170799024054	
53	sentence	5	disclose	14.731995348794396	
53	sentence	6	it.	4.983881627717663	
54	sentence	1	The princess	15.737474718798719	
54	sentence	2	likes	12.418929132557723	
54	sentence	3	dancing	10.736374704024623	
54	sentence	4	, but does not	23.63170799024054	
54	sentence	5	reopen	24.09456575842087	
54	sentence	6	it.	7.865785965127903	
55	sentence	1	The princess	15.737474718798719	
55	sentence	2	likes	12.418929132557723	
55	sentence	3	dancing	10.736374704024623	
55	sentence	4	, but does not	23.63170799024054	
55	sentence	5	stabilize	21.45550986712676	
55	sentence	6	it.	8.12003565711768	
56	sentence	1	The princess	15.737474718798719	
56	sentence	2	likes	12.418929132557723	
56	sentence	3	dancing	10.736374704024623	
56	sentence	4	, but does not	23.63170799024054	
56	sentence	5	soar	17.532940573137477	
56	sentence	6	it.	12.083252534690438	
57	sentence	1	The princess	15.737474718798719	
57	sentence	2	likes	12.418929132557723	
57	sentence	3	dancing	10.736374704024623	
57	sentence	4	, but does not	23.63170799024054	
57	sentence	5	authorize	17.699606896296814	
57	sentence	6	it.	3.7579880884890073	
58	sentence	1	The princess	15.737474718798719	
58	sentence	2	likes	12.418929132557723	
58	sentence	3	dancing	10.736374704024623	
58	sentence	4	, but does not	23.63170799024054	
58	sentence	5	sympathize	18.1151223552392	
58	sentence	6	it.	13.611892465695075	
59	sentence	1	The princess	15.737474718798719	
59	sentence	2	likes	12.418929132557723	
59	sentence	3	dancing	10.736374704024623	
59	sentence	4	, but does not	23.63170799024054	
59	sentence	5	sharpen	18.10441469389865	
59	sentence	6	it.	7.6622604922183	
60	sentence	1	The princess	15.737474718798719	
60	sentence	2	likes	12.418929132557723	
60	sentence	3	dancing	10.736374704024623	
60	sentence	4	, but does not	23.63170799024054	
60	sentence	5	specialize	16.145896366345305	
60	sentence	6	it.	12.35520130524581	
61	sentence	1	The princess	15.737474718798719	
61	sentence	2	likes	12.418929132557723	
61	sentence	3	dancing	10.736374704024623	
61	sentence	4	, but does not	23.63170799024054	
61	sentence	5	minimize	19.524769338925353	
61	sentence	6	it.	4.50951220080183	
62	sentence	1	The princess	15.737474718798719	
62	sentence	2	likes	12.418929132557723	
62	sentence	3	dancing	10.736374704024623	
62	sentence	4	, but does not	23.63170799024054	
62	sentence	5	socialize	13.559657078057429	
62	sentence	6	it.	11.057972286144327	
63	sentence	1	The princess	15.737474718798719	
63	sentence	2	likes	12.418929132557723	
63	sentence	3	dancing	10.736374704024623	
63	sentence	4	, but does not	23.63170799024054	
63	sentence	5	utilize	15.970732724372136	
63	sentence	6	it.	6.015802814344192	
64	sentence	1	The princess	15.737474718798719	
64	sentence	2	likes	12.418929132557723	
64	sentence	3	dancing	10.736374704024623	
64	sentence	4	, but does not	23.63170799024054	
64	sentence	5	rectify	21.174205350540834	
64	sentence	6	it.	4.866756798948517	
65	sentence	1	The princess	15.737474718798719	
65	sentence	2	likes	12.418929132557723	
65	sentence	3	dancing	10.736374704024623	
65	sentence	4	, but does not	23.63170799024054	
65	sentence	5	terrorize	18.358472732721875	
65	sentence	6	it.	8.122179076895385	
66	sentence	1	The princess	15.737474718798719	
66	sentence	2	likes	12.418929132557723	
66	sentence	3	dancing	10.736374704024623	
66	sentence	4	, but does not	23.63170799024054	
66	sentence	5	enslave	19.411895772480232	
66	sentence	6	it.	7.564434524633072	
67	sentence	1	The princess	15.737474718798719	
67	sentence	2	likes	12.418929132557723	
67	sentence	3	dancing	10.736374704024623	
67	sentence	4	, but does not	23.63170799024054	
67	sentence	5	finalize	18.439558639998378	
67	sentence	6	it.	5.54762665466858	
68	sentence	1	The princess	15.737474718798719	
68	sentence	2	likes	12.418929132557723	
68	sentence	3	dancing	10.736374704024623	
68	sentence	4	, but does not	23.63170799024054	
68	sentence	5	maximize	18.82391664701889	
68	sentence	6	it.	6.039576320138259	
69	sentence	1	The princess	15.737474718798719	
69	sentence	2	likes	12.418929132557723	
69	sentence	3	dancing	10.736374704024623	
69	sentence	4	, but does not	23.63170799024054	
69	sentence	5	summarize	22.070222640591474	
69	sentence	6	it.	5.973368674983557	
70	sentence	1	The princess	15.737474718798719	
70	sentence	2	likes	12.418929132557723	
70	sentence	3	dancing	10.736374704024623	
70	sentence	4	, but does not	23.63170799024054	
70	sentence	5	repose	19.122957328616728	
70	sentence	6	it.	6.680224765283688	
71	sentence	1	The princess	15.737474718798719	
71	sentence	2	likes	12.418929132557723	
71	sentence	3	dancing	10.736374704024623	
71	sentence	4	, but does not	23.63170799024054	
71	sentence	5	symbolize	18.03594012392509	
71	sentence	6	it.	6.507205231018827	
72	sentence	1	The princess	15.737474718798719	
72	sentence	2	likes	12.418929132557723	
72	sentence	3	dancing	10.736374704024623	
72	sentence	4	, but does not	23.63170799024054	
72	sentence	5	sterilize	22.05475084484371	
72	sentence	6	it.	5.380972370294803	
73	sentence	1	The princess	15.737474718798719	
73	sentence	2	likes	12.418929132557723	
73	sentence	3	dancing	10.736374704024623	
73	sentence	4	, but does not	23.63170799024054	
73	sentence	5	revolutionize	20.156576435461734	
73	sentence	6	it.	5.00913779594482	
74	sentence	1	The princess	15.737474718798719	
74	sentence	2	likes	12.418929132557723	
74	sentence	3	dancing	10.736374704024623	
74	sentence	4	, but does not	23.63170799024054	
74	sentence	5	synchronize	18.29597505431592	
74	sentence	6	it.	7.9793380263080245	
75	sentence	1	The princess	15.737474718798719	
75	sentence	2	likes	12.418929132557723	
75	sentence	3	dancing	10.736374704024623	
75	sentence	4	, but does not	23.63170799024054	
75	sentence	5	fertilize	22.365551098168268	
75	sentence	6	it.	6.102857164540579	
76	sentence	1	The princess	15.737474718798719	
76	sentence	2	likes	12.418929132557723	
76	sentence	3	dancing	10.736374704024623	
76	sentence	4	, but does not	23.63170799024054	
76	sentence	5	rationalize	19.010124498882515	
76	sentence	6	it.	4.022019121763957	
77	sentence	1	The princess	15.737474718798719	
77	sentence	2	likes	12.418929132557723	
77	sentence	3	dancing	10.736374704024623	
77	sentence	4	, but does not	23.63170799024054	
77	sentence	5	antagonize	18.564777595754236	
77	sentence	6	it.	7.516056320893317	
78	sentence	1	The princess	15.737474718798719	
78	sentence	2	likes	12.418929132557723	
78	sentence	3	dancing	10.736374704024623	
78	sentence	4	, but does not	23.63170799024054	
78	sentence	5	kindle	14.85746946231064	
78	sentence	6	it.	5.767858006335044	
79	sentence	1	The princess	15.737474718798719	
79	sentence	2	likes	12.418929132557723	
79	sentence	3	dancing	10.736374704024623	
79	sentence	4	, but does not	23.63170799024054	
79	sentence	5	familiarize	18.208354795206866	
79	sentence	6	it.	16.290312262066614	
80	sentence	1	The princess	15.737474718798719	
80	sentence	2	likes	12.418929132557723	
80	sentence	3	dancing	10.736374704024623	
80	sentence	4	, but does not	23.63170799024054	
80	sentence	5	synthesize	22.88028465976112	
80	sentence	6	it.	5.999001485216103	
81	sentence	1	The princess	15.737474718798719	
81	sentence	2	likes	12.418929132557723	
81	sentence	3	dancing	10.736374704024623	
81	sentence	4	, but does not	23.63170799024054	
81	sentence	5	reorganize	23.58632645520508	
81	sentence	6	it.	7.535549006524758	
82	sentence	1	The princess	15.737474718798719	
82	sentence	2	likes	12.418929132557723	
82	sentence	3	dancing	10.736374704024623	
82	sentence	4	, but does not	23.63170799024054	
82	sentence	5	ripen	26.499884156510955	
82	sentence	6	it.	7.203901618201888	
83	sentence	1	The princess	15.737474718798719	
83	sentence	2	likes	12.418929132557723	
83	sentence	3	dancing	10.736374704024623	
83	sentence	4	, but does not	23.63170799024054	
83	sentence	5	deepen	20.733303809289172	
83	sentence	6	it.	6.992335096451193	
84	sentence	1	The princess	15.737474718798719	
84	sentence	2	likes	12.418929132557723	
84	sentence	3	dancing	10.736374704024623	
84	sentence	4	, but does not	23.63170799024054	
84	sentence	5	destabilize	22.84083306502958	
84	sentence	6	it.	6.267251682873344	
85	sentence	1	The princess	15.737474718798719	
85	sentence	2	likes	12.418929132557723	
85	sentence	3	dancing	10.736374704024623	
85	sentence	4	, but does not	23.63170799024054	
85	sentence	5	enclose	20.60223676622229	
85	sentence	6	it.	6.258238502098251	
86	sentence	1	The princess	15.737474718798719	
86	sentence	2	likes	12.418929132557723	
86	sentence	3	dancing	10.736374704024623	
86	sentence	4	, but does not	23.63170799024054	
86	sentence	5	dampen	20.234900459911888	
86	sentence	6	it.	6.280945543474319	
87	sentence	1	The princess	15.737474718798719	
87	sentence	2	likes	12.418929132557723	
87	sentence	3	dancing	10.736374704024623	
87	sentence	4	, but does not	23.63170799024054	
87	sentence	5	subsidize	21.52967962108581	
87	sentence	6	it.	3.613990970522548	
88	sentence	1	The princess	15.737474718798719	
88	sentence	2	likes	12.418929132557723	
88	sentence	3	dancing	10.736374704024623	
88	sentence	4	, but does not	23.63170799024054	
88	sentence	5	idolize	13.833591431312676	
88	sentence	6	it.	5.612987973198386	
89	sentence	1	The princess	15.737474718798719	
89	sentence	2	likes	12.418929132557723	
89	sentence	3	dancing	10.736374704024623	
89	sentence	4	, but does not	23.63170799024054	
89	sentence	5	quantify	20.140186553328	
89	sentence	6	it.	3.520141069842618	
90	sentence	1	The princess	15.737474718798719	
90	sentence	2	likes	12.418929132557723	
90	sentence	3	dancing	10.736374704024623	
90	sentence	4	, but does not	23.63170799024054	
90	sentence	5	engrave	23.305891501712523	
90	sentence	6	it.	6.311666976380594	
91	sentence	1	The princess	15.737474718798719	
91	sentence	2	likes	12.418929132557723	
91	sentence	3	dancing	10.736374704024623	
91	sentence	4	, but does not	23.63170799024054	
91	sentence	5	fraternize	19.759058810447318	
91	sentence	6	it.	12.73970824924197	
92	sentence	1	The princess	15.737474718798719	
92	sentence	2	likes	12.418929132557723	
92	sentence	3	dancing	10.736374704024623	
92	sentence	4	, but does not	23.63170799024054	
92	sentence	5	immobilize	21.964279210123593	
92	sentence	6	it.	6.911925467953542	
93	sentence	1	The princess	15.737474718798719	
93	sentence	2	likes	12.418929132557723	
93	sentence	3	dancing	10.736374704024623	
93	sentence	4	, but does not	23.63170799024054	
93	sentence	5	downsize	20.752746791934513	
93	sentence	6	it.	6.6561305118457605	
94	sentence	1	The princess	15.737474718798719	
94	sentence	2	likes	12.418929132557723	
94	sentence	3	dancing	10.736374704024623	
94	sentence	4	, but does not	23.63170799024054	
94	sentence	5	theorize	21.10267928970579	
94	sentence	6	it.	8.932145645693804	
95	sentence	1	The princess	15.737474718798719	
95	sentence	2	likes	12.418929132557723	
95	sentence	3	dancing	10.736374704024623	
95	sentence	4	, but does not	23.63170799024054	
95	sentence	5	dramatize	20.319637475562118	
95	sentence	6	it.	3.8418813975625365	
96	sentence	1	The princess	15.737474718798719	
96	sentence	2	likes	12.418929132557723	
96	sentence	3	dancing	10.736374704024623	
96	sentence	4	, but does not	23.63170799024054	
96	sentence	5	modernize	19.83539354650892	
96	sentence	6	it.	4.181531310612704	
97	sentence	1	The princess	15.737474718798719	
97	sentence	2	likes	12.418929132557723	
97	sentence	3	dancing	10.736374704024623	
97	sentence	4	, but does not	23.63170799024054	
97	sentence	5	revitalize	22.578206141111938	
97	sentence	6	it.	6.214075421148493	
98	sentence	1	The princess	15.737474718798719	
98	sentence	2	likes	12.418929132557723	
98	sentence	3	dancing	10.736374704024623	
98	sentence	4	, but does not	23.63170799024054	
98	sentence	5	traumatize	21.663050919955698	
98	sentence	6	it.	8.765544331976493	
99	sentence	1	The princess	15.737474718798719	
99	sentence	2	likes	12.418929132557723	
99	sentence	3	dancing	10.736374704024623	
99	sentence	4	, but does not	23.63170799024054	
99	sentence	5	immortalize	20.139709946406796	
99	sentence	6	it.	4.160252757134703	
100	sentence	1	The princess	15.737474718798719	
100	sentence	2	likes	12.418929132557723	
100	sentence	3	dancing	10.736374704024623	
100	sentence	4	, but does not	23.63170799024054	
100	sentence	5	agonize	19.474552855626186	
100	sentence	6	it.	13.016742202818053	
101	sentence	1	The princess	15.737474718798719	
101	sentence	2	likes	12.418929132557723	
101	sentence	3	dancing	10.736374704024623	
101	sentence	4	, but does not	23.63170799024054	
101	sentence	5	electrify	20.57251275744861	
101	sentence	6	it.	7.6086688064002885	
102	sentence	1	The princess	15.737474718798719	
102	sentence	2	likes	12.418929132557723	
102	sentence	3	dancing	10.736374704024623	
102	sentence	4	, but does not	23.63170799024054	
102	sentence	5	demoralize	22.328919674945574	
102	sentence	6	it.	8.903010236793786	
103	sentence	1	The princess	15.737474718798719	
103	sentence	2	likes	12.418929132557723	
103	sentence	3	dancing	10.736374704024623	
103	sentence	4	, but does not	23.63170799024054	
103	sentence	5	sanitize	21.147003238927603	
103	sentence	6	it.	4.713337439471887	
104	sentence	1	The princess	15.737474718798719	
104	sentence	2	likes	12.418929132557723	
104	sentence	3	dancing	10.736374704024623	
104	sentence	4	, but does not	23.63170799024054	
104	sentence	5	anesthetize	22.361236784384385	
104	sentence	6	it.	7.115525237368318	
105	sentence	1	The princess	15.737474718798719	
105	sentence	2	likes	12.418929132557723	
105	sentence	3	dancing	10.736374704024623	
105	sentence	4	, but does not	23.63170799024054	
105	sentence	5	trivialize	19.871684841792785	
105	sentence	6	it.	3.509193170236644	
106	sentence	1	The princess	15.737474718798719	
106	sentence	2	likes	12.418929132557723	
106	sentence	3	dancing	10.736374704024623	
106	sentence	4	, but does not	23.63170799024054	
106	sentence	5	romanticize	14.76519346086008	
106	sentence	6	it.	3.4891574493851034	
107	sentence	1	The princess	15.737474718798719	
107	sentence	2	likes	12.418929132557723	
107	sentence	3	dancing	10.736374704024623	
107	sentence	4	, but does not	23.63170799024054	
107	sentence	5	equalize	24.638236626397777	
107	sentence	6	it.	6.851227115036578	
108	sentence	1	The princess	15.737474718798719	
108	sentence	2	likes	12.418929132557723	
108	sentence	3	dancing	10.736374704024623	
108	sentence	4	, but does not	23.63170799024054	
108	sentence	5	demonize	19.82259887570015	
108	sentence	6	it.	5.128512415761227	
109	sentence	1	The princess	15.737474718798719	
109	sentence	2	likes	12.418929132557723	
109	sentence	3	dancing	10.736374704024623	
109	sentence	4	, but does not	23.63170799024054	
109	sentence	5	alphabetize	26.781629402824777	
109	sentence	6	it.	5.25257029514328	
110	sentence	1	The princess	15.737474718798719	
110	sentence	2	likes	12.418929132557723	
110	sentence	3	dancing	10.736374704024623	
110	sentence	4	, but does not	23.63170799024054	
110	sentence	5	formalize	16.833629576709008	
110	sentence	6	it.	3.412067516005731	
111	sentence	1	The princess	15.737474718798719	
111	sentence	2	likes	12.418929132557723	
111	sentence	3	dancing	10.736374704024623	
111	sentence	4	, but does not	23.63170799024054	
111	sentence	5	optimize	19.233328914634445	
111	sentence	6	it.	5.65679917764448	
112	sentence	1	The princess	15.737474718798719	
112	sentence	2	likes	12.418929132557723	
112	sentence	3	dancing	10.736374704024623	
112	sentence	4	, but does not	23.63170799024054	
112	sentence	5	internalize	18.21943908780389	
112	sentence	6	it.	3.844659949269876	
113	sentence	1	The princess	15.737474718798719	
113	sentence	2	likes	12.418929132557723	
113	sentence	3	dancing	10.736374704024623	
113	sentence	4	, but does not	23.63170799024054	
113	sentence	5	idealize	16.465585370997054	
113	sentence	6	it.	3.6600305541758704	
114	sentence	1	The princess	15.737474718798719	
114	sentence	2	likes	12.418929132557723	
114	sentence	3	dancing	10.736374704024623	
114	sentence	4	, but does not	23.63170799024054	
114	sentence	5	sodomize	21.36312722568375	
114	sentence	6	it.	8.135340221235312	
115	sentence	1	The princess	15.737474718798719	
115	sentence	2	likes	12.418929132557723	
115	sentence	3	dancing	10.736374704024623	
115	sentence	4	, but does not	23.63170799024054	
115	sentence	5	digitize	25.8305295281664	
115	sentence	6	it.	4.8907838071699565	
116	sentence	1	The princess	15.737474718798719	
116	sentence	2	likes	12.418929132557723	
116	sentence	3	dancing	10.736374704024623	
116	sentence	4	, but does not	23.63170799024054	
116	sentence	5	galvanize	24.648524542581065	
116	sentence	6	it.	7.677267354367286	
117	sentence	1	The princess	15.737474718798719	
117	sentence	2	likes	12.418929132557723	
117	sentence	3	dancing	10.736374704024623	
117	sentence	4	, but does not	23.63170799024054	
117	sentence	5	initialize	23.121622754237375	
117	sentence	6	it.	6.196872340547988	
118	sentence	1	The princess	15.737474718798719	
118	sentence	2	likes	12.418929132557723	
118	sentence	3	dancing	10.736374704024623	
118	sentence	4	, but does not	23.63170799024054	
118	sentence	5	exemplify	17.95731730917858	
118	sentence	6	it.	5.064048244729646	
119	sentence	1	The princess	15.737474718798719	
119	sentence	2	likes	12.418929132557723	
119	sentence	3	dancing	10.736374704024623	
119	sentence	4	, but does not	23.63170799024054	
119	sentence	5	depressurize	33.96145701854587	
119	sentence	6	it.	6.854799882625603	
120	sentence	1	The princess	15.737474718798719	
120	sentence	2	likes	12.418929132557723	
120	sentence	3	dancing	10.736374704024623	
120	sentence	4	, but does not	23.63170799024054	
120	sentence	5	itemize	20.209203449093224	
120	sentence	6	it.	4.729053386090382	
121	sentence	1	The princess	15.737474718798719	
121	sentence	2	likes	12.418929132557723	
121	sentence	3	dancing	10.736374704024623	
121	sentence	4	, but does not	23.63170799024054	
121	sentence	5	dehumanize	25.334523995841423	
121	sentence	6	it.	5.716932653544685	
122	sentence	1	The princess	15.737474718798719	
122	sentence	2	likes	12.418929132557723	
122	sentence	3	dancing	10.736374704024623	
122	sentence	4	, but does not	23.63170799024054	
122	sentence	5	mollify	22.040630268413658	
122	sentence	6	it.	6.501209571844448	
123	sentence	1	The princess	15.737474718798719	
123	sentence	2	likes	12.418929132557723	
123	sentence	3	dancing	10.736374704024623	
123	sentence	4	, but does not	23.63170799024054	
123	sentence	5	immunize	21.08362782556514	
123	sentence	6	it.	6.845064116742909	
124	sentence	1	The princess	15.737474718798719	
124	sentence	2	likes	12.418929132557723	
124	sentence	3	dancing	10.736374704024623	
124	sentence	4	, but does not	23.63170799024054	
124	sentence	5	oxidize	23.79674400386102	
124	sentence	6	it.	6.471516767172984	
125	sentence	1	The princess	15.737474718798719	
125	sentence	2	likes	12.418929132557723	
125	sentence	3	dancing	10.736374704024623	
125	sentence	4	, but does not	23.63170799024054	
125	sentence	5	dematerialize	27.192046780047633	
125	sentence	6	it.	6.003944266601899	
126	sentence	1	The princess	15.737474718798719	
126	sentence	2	likes	12.418929132557723	
126	sentence	3	dancing	10.736374704024623	
126	sentence	4	, but does not	23.63170799024054	
126	sentence	5	ostracize	21.889291909761383	
126	sentence	6	it.	6.741684829361323	
127	sentence	1	The princess	15.737474718798719	
127	sentence	2	likes	12.418929132557723	
127	sentence	3	dancing	10.736374704024623	
127	sentence	4	, but does not	23.63170799024054	
127	sentence	5	overdramatize	26.307795357901078	
127	sentence	6	it.	4.32294628105911	
128	sentence	1	The princess	15.737474718798719	
128	sentence	2	likes	12.418929132557723	
128	sentence	3	dancing	10.736374704024623	
128	sentence	4	, but does not	23.63170799024054	
128	sentence	5	satirize	21.296779339426184	
128	sentence	6	it.	4.2959374376370105	
129	sentence	1	The princess	15.737474718798719	
129	sentence	2	likes	12.418929132557723	
129	sentence	3	dancing	10.736374704024623	
129	sentence	4	, but does not	23.63170799024054	
129	sentence	5	amortize	21.48653322632554	
129	sentence	6	it.	5.621500770450794	
130	sentence	1	The princess	15.737474718798719	
130	sentence	2	likes	12.418929132557723	
130	sentence	3	dancing	10.736374704024623	
130	sentence	4	, but does not	23.63170799024054	
130	sentence	5	tyrannize	21.63324834735732	
130	sentence	6	it.	8.20616714840954	
131	sentence	1	The princess	15.737474718798719	
131	sentence	2	likes	12.418929132557723	
131	sentence	3	dancing	10.736374704024623	
131	sentence	4	, but does not	23.63170799024054	
131	sentence	5	eulogize	22.68771097756497	
131	sentence	6	it.	5.089745892421567	
132	sentence	1	The princess	15.737474718798719	
132	sentence	2	likes	12.418929132557723	
132	sentence	3	dancing	10.736374704024623	
132	sentence	4	, but does not	23.63170799024054	
132	sentence	5	resize	21.50110040407868	
132	sentence	6	it.	6.058692707729614	
133	sentence	1	The princess	15.737474718798719	
133	sentence	2	likes	12.418929132557723	
133	sentence	3	dancing	10.736374704024623	
133	sentence	4	, but does not	23.63170799024054	
133	sentence	5	editorialize	23.192384650471745	
133	sentence	6	it.	6.283428285022175	
134	sentence	1	The princess	15.737474718798719	
134	sentence	2	likes	12.418929132557723	
134	sentence	3	dancing	10.736374704024623	
134	sentence	4	, but does not	23.63170799024054	
134	sentence	5	acclimatize	21.529446032368345	
134	sentence	6	it.	11.823561999557963	
135	sentence	1	The princess	15.737474718798719	
135	sentence	2	likes	12.418929132557723	
135	sentence	3	dancing	10.736374704024623	
135	sentence	4	, but does not	23.63170799024054	
135	sentence	5	desensitize	21.526564997811697	
135	sentence	6	it.	8.970033423678881	
136	sentence	1	The princess	15.737474718798719	
136	sentence	2	likes	12.418929132557723	
136	sentence	3	dancing	10.736374704024623	
136	sentence	4	, but does not	23.63170799024054	
136	sentence	5	standardize	20.64359658370756	
136	sentence	6	it.	3.7041953549521383	
137	sentence	1	The princess	15.737474718798719	
137	sentence	2	likes	12.418929132557723	
137	sentence	3	dancing	10.736374704024623	
137	sentence	4	, but does not	23.63170799024054	
137	sentence	5	stigmatize	23.01683174726618	
137	sentence	6	it.	4.027475099379929	
138	sentence	1	The princess	15.737474718798719	
138	sentence	2	likes	12.418929132557723	
138	sentence	3	dancing	10.736374704024623	
138	sentence	4	, but does not	23.63170799024054	
138	sentence	5	actualize	20.222702453350767	
138	sentence	6	it.	3.8202618024878747	
139	sentence	1	The princess	15.737474718798719	
139	sentence	2	likes	12.418929132557723	
139	sentence	3	dancing	10.736374704024623	
139	sentence	4	, but does not	23.63170799024054	
139	sentence	5	industrialize	24.35830076655802	
139	sentence	6	it.	6.116657740376414	
140	sentence	1	The princess	15.737474718798719	
140	sentence	2	likes	12.418929132557723	
140	sentence	3	dancing	10.736374704024623	
140	sentence	4	, but does not	23.63170799024054	
140	sentence	5	sexualize	18.213885456288978	
140	sentence	6	it.	4.740476043804063	
141	sentence	1	The princess	15.737474718798719	
141	sentence	2	likes	12.418929132557723	
141	sentence	3	dancing	10.736374704024623	
141	sentence	4	, but does not	23.63170799024054	
141	sentence	5	demagnetize	31.98849573845789	
141	sentence	6	it.	6.83631759506798	
142	sentence	1	The princess	15.737474718798719	
142	sentence	2	likes	12.418929132557723	
142	sentence	3	dancing	10.736374704024623	
142	sentence	4	, but does not	23.63170799024054	
142	sentence	5	solemnize	19.784646303251364	
142	sentence	6	it.	5.119984054078917	
143	sentence	1	The princess	15.737474718798719	
143	sentence	2	likes	12.418929132557723	
143	sentence	3	dancing	10.736374704024623	
143	sentence	4	, but does not	23.63170799024054	
143	sentence	5	atomize	23.37380487079848	
143	sentence	6	it.	6.360666725420568	
144	sentence	1	The princess	15.737474718798719	
144	sentence	2	likes	12.418929132557723	
144	sentence	3	dancing	10.736374704024623	
144	sentence	4	, but does not	23.63170799024054	
144	sentence	5	ionize	24.34921032257703	
144	sentence	6	it.	6.835512888244592	
145	sentence	1	The princess	15.737474718798719	
145	sentence	2	likes	12.418929132557723	
145	sentence	3	dancing	10.736374704024623	
145	sentence	4	, but does not	23.63170799024054	
145	sentence	5	radicalize	21.30723176776394	
145	sentence	6	it.	7.087554666962594	
146	sentence	1	The princess	15.737474718798719	
146	sentence	2	likes	12.418929132557723	
146	sentence	3	dancing	10.736374704024623	
146	sentence	4	, but does not	23.63170799024054	
146	sentence	5	reunify	28.340401898139127	
146	sentence	6	it.	10.940230211641234	
147	sentence	1	The princess	15.737474718798719	
147	sentence	2	likes	12.418929132557723	
147	sentence	3	dancing	10.736374704024623	
147	sentence	4	, but does not	23.63170799024054	
147	sentence	5	demobilize	30.898586043552715	
147	sentence	6	it.	7.593036271367462	
148	sentence	1	The princess	15.737474718798719	
148	sentence	2	likes	12.418929132557723	
148	sentence	3	dancing	10.736374704024623	
148	sentence	4	, but does not	23.63170799024054	
148	sentence	5	democratize	24.024016604725617	
148	sentence	6	it.	4.176137074768392	
149	sentence	1	The princess	15.737474718798719	
149	sentence	2	likes	12.418929132557723	
149	sentence	3	dancing	10.736374704024623	
149	sentence	4	, but does not	23.63170799024054	
149	sentence	5	reclassify	24.2723193449088	
149	sentence	6	it.	6.3989478277281675	
150	sentence	1	The princess	15.737474718798719	
150	sentence	2	likes	12.418929132557723	
150	sentence	3	dancing	10.736374704024623	
150	sentence	4	, but does not	23.63170799024054	
150	sentence	5	rhapsodize	23.492189176890015	
150	sentence	6	it.	11.446560034480157	
151	sentence	1	The princess	15.737474718798719	
151	sentence	2	likes	12.418929132557723	
151	sentence	3	dancing	10.736374704024623	
151	sentence	4	, but does not	23.63170799024054	
151	sentence	5	serialize	21.473887503241333	
151	sentence	6	it.	4.152680532999865	
152	sentence	1	The princess	15.737474718798719	
152	sentence	2	likes	12.418929132557723	
152	sentence	3	dancing	10.736374704024623	
152	sentence	4	, but does not	23.63170799024054	
152	sentence	5	disorganize	26.28603869265368	
152	sentence	6	it.	6.040220739131042	
153	sentence	1	The princess	15.737474718798719	
153	sentence	2	likes	12.418929132557723	
153	sentence	3	dancing	10.736374704024623	
153	sentence	4	, but does not	23.63170799024054	
153	sentence	5	sermonize	21.263693252559705	
153	sentence	6	it.	9.145837013095909	
154	sentence	1	The princess	15.737474718798719	
154	sentence	2	likes	12.418929132557723	
154	sentence	3	dancing	10.736374704024623	
154	sentence	4	, but does not	23.63170799024054	
154	sentence	5	deodorize	26.011587832502226	
154	sentence	6	it.	5.975302963857811	
155	sentence	1	The princess	15.737474718798719	
155	sentence	2	likes	12.418929132557723	
155	sentence	3	dancing	10.736374704024623	
155	sentence	4	, but does not	23.63170799024054	
155	sentence	5	emulsify	24.083324252183125	
155	sentence	6	it.	5.598922888045524	
156	sentence	1	The princess	15.737474718798719	
156	sentence	2	likes	12.418929132557723	
156	sentence	3	dancing	10.736374704024623	
156	sentence	4	, but does not	23.63170799024054	
156	sentence	5	overemphasize	20.538068668698624	
156	sentence	6	it.	4.353597115087204	
157	sentence	1	The princess	15.737474718798719	
157	sentence	2	likes	12.418929132557723	
157	sentence	3	dancing	10.736374704024623	
157	sentence	4	, but does not	23.63170799024054	
157	sentence	5	aerosolize	29.011725491359915	
157	sentence	6	it.	5.960563878696218	
158	sentence	1	The princess	15.737474718798719	
158	sentence	2	likes	12.418929132557723	
158	sentence	3	dancing	10.736374704024623	
158	sentence	4	, but does not	23.63170799024054	
158	sentence	5	apostatize	26.522860941925988	
158	sentence	6	it.	8.088001308654722	
159	sentence	1	The princess	15.737474718798719	
159	sentence	2	likes	12.418929132557723	
159	sentence	3	dancing	10.736374704024623	
159	sentence	4	, but does not	23.63170799024054	
159	sentence	5	depolarize	28.61517402188239	
159	sentence	6	it.	8.283357949613643	
160	sentence	1	The princess	15.737474718798719	
160	sentence	2	likes	12.418929132557723	
160	sentence	3	dancing	10.736374704024623	
160	sentence	4	, but does not	23.63170799024054	
160	sentence	5	evangelize	22.80108584287012	
160	sentence	6	it.	5.349480627095313	
161	sentence	1	The princess	15.737474718798719	
161	sentence	2	likes	12.418929132557723	
161	sentence	3	dancing	10.736374704024623	
161	sentence	4	, but does not	23.63170799024054	
161	sentence	5	anatomize	26.073150656213752	
161	sentence	6	it.	4.796325947819227	
162	sentence	1	The princess	15.737474718798719	
162	sentence	2	likes	12.418929132557723	
162	sentence	3	dancing	10.736374704024623	
162	sentence	4	, but does not	23.63170799024054	
162	sentence	5	anthropomorphize	20.33565474115938	
162	sentence	6	it.	4.470779902009692	
163	sentence	1	The princess	15.737474718798719	
163	sentence	2	likes	12.418929132557723	
163	sentence	3	dancing	10.736374704024623	
163	sentence	4	, but does not	23.63170799024054	
163	sentence	5	federalize	27.02173541359025	
163	sentence	6	it.	3.8824137527699305	
164	sentence	1	The princess	15.737474718798719	
164	sentence	2	likes	12.418929132557723	
164	sentence	3	dancing	10.736374704024623	
164	sentence	4	, but does not	23.63170799024054	
164	sentence	5	feminize	21.40521175656193	
164	sentence	6	it.	5.1354100379480565	
165	sentence	1	The princess	15.737474718798719	
165	sentence	2	likes	12.418929132557723	
165	sentence	3	dancing	10.736374704024623	
165	sentence	4	, but does not	23.63170799024054	
165	sentence	5	fossilize	23.187593643775333	
165	sentence	6	it.	6.353019860815254	
166	sentence	1	The princess	15.737474718798719	
166	sentence	2	likes	12.418929132557723	
166	sentence	3	dancing	10.736374704024623	
166	sentence	4	, but does not	23.63170799024054	
166	sentence	5	regularize	21.782807986191962	
166	sentence	6	it.	3.6348459307314736	
167	sentence	1	The princess	15.737474718798719	
167	sentence	2	likes	12.418929132557723	
167	sentence	3	dancing	10.736374704024623	
167	sentence	4	, but does not	23.63170799024054	
167	sentence	5	ritualize	19.987398456171363	
167	sentence	6	it.	3.2291801331823153	
168	sentence	1	The princess	15.737474718798719	
168	sentence	2	likes	12.418929132557723	
168	sentence	3	dancing	10.736374704024623	
168	sentence	4	, but does not	23.63170799024054	
168	sentence	5	sentimentalize	21.859981718117968	
168	sentence	6	it.	3.410012839275873	
169	sentence	1	The princess	15.737474718798719	
169	sentence	2	likes	12.418929132557723	
169	sentence	3	dancing	10.736374704024623	
169	sentence	4	, but does not	23.63170799024054	
169	sentence	5	exteriorize	26.91967764089789	
169	sentence	6	it.	4.079149006658169	
170	sentence	1	The princess	15.737474718798719	
170	sentence	2	likes	12.418929132557723	
170	sentence	3	dancing	10.736374704024623	
170	sentence	4	, but does not	23.63170799024054	
170	sentence	5	fetishize	15.528531469919466	
170	sentence	6	it.	3.9208716532426173	
171	sentence	1	The princess	15.737474718798719	
171	sentence	2	likes	12.418929132557723	
171	sentence	3	dancing	10.736374704024623	
171	sentence	4	, but does not	23.63170799024054	
171	sentence	5	fictionalize	26.588702919718205	
171	sentence	6	it.	2.9059822524963344	
172	sentence	1	The princess	15.737474718798719	
172	sentence	2	likes	12.418929132557723	
172	sentence	3	dancing	10.736374704024623	
172	sentence	4	, but does not	23.63170799024054	
172	sentence	5	individualize	21.691498785213227	
172	sentence	6	it.	4.282714379542773	
173	sentence	1	The princess	15.737474718798719	
173	sentence	2	likes	12.418929132557723	
173	sentence	3	dancing	10.736374704024623	
173	sentence	4	, but does not	23.63170799024054	
173	sentence	5	internationalize	25.72933201269366	
173	sentence	6	it.	3.788914868680412	
174	sentence	1	The princess	15.737474718798719	
174	sentence	2	likes	12.418929132557723	
174	sentence	3	dancing	10.736374704024623	
174	sentence	4	, but does not	23.63170799024054	
174	sentence	5	alkalinize	30.392440274396964	
174	sentence	6	it.	6.028855609614077	
175	sentence	1	The princess	15.737474718798719	
175	sentence	2	likes	12.418929132557723	
175	sentence	3	dancing	10.736374704024623	
175	sentence	4	, but does not	23.63170799024054	
175	sentence	5	depersonalize	24.25292146135461	
175	sentence	6	it.	6.52269158079842	
176	sentence	1	The princess	15.737474718798719	
176	sentence	2	likes	12.418929132557723	
176	sentence	3	dancing	10.736374704024623	
176	sentence	4	, but does not	23.63170799024054	
176	sentence	5	italicize	25.19122772867506	
176	sentence	6	it.	4.712904387157016	
177	sentence	1	The princess	15.737474718798719	
177	sentence	2	likes	12.418929132557723	
177	sentence	3	dancing	10.736374704024623	
177	sentence	4	, but does not	23.63170799024054	
177	sentence	5	randomize	22.870842898220076	
177	sentence	6	it.	4.728433216651371	
178	sentence	1	The princess	15.737474718798719	
178	sentence	2	likes	12.418929132557723	
178	sentence	3	dancing	10.736374704024623	
178	sentence	4	, but does not	23.63170799024054	
178	sentence	5	stylize	19.95859720956197	
178	sentence	6	it.	5.344109608908868	
179	sentence	1	The princess	15.737474718798719	
179	sentence	2	likes	12.418929132557723	
179	sentence	3	dancing	10.736374704024623	
179	sentence	4	, but does not	23.63170799024054	
179	sentence	5	temporize	24.768357840127322	
179	sentence	6	it.	7.235795456839094	
180	sentence	1	The princess	15.737474718798719	
180	sentence	2	likes	12.418929132557723	
180	sentence	3	dancing	10.736374704024623	
180	sentence	4	, but does not	23.63170799024054	
180	sentence	5	ramify	28.291236185841072	
180	sentence	6	it.	6.7947182594946325	
181	sentence	1	The princess	15.737474718798719	
181	sentence	2	likes	12.418929132557723	
181	sentence	3	dancing	10.736374704024623	
181	sentence	4	, but does not	23.63170799024054	
181	sentence	5	reimpose	28.84387422923397	
181	sentence	6	it.	5.440128898746781	
182	sentence	1	The princess	15.737474718798719	
182	sentence	2	likes	12.418929132557723	
182	sentence	3	dancing	10.736374704024623	
182	sentence	4	, but does not	23.63170799024054	
182	sentence	5	sensitize	22.788466153659687	
182	sentence	6	it.	9.183653762246179	
183	sentence	1	The princess	15.737474718798719	
183	sentence	2	likes	12.418929132557723	
183	sentence	3	dancing	10.736374704024623	
183	sentence	4	, but does not	23.63170799024054	
183	sentence	5	systematize	22.461455353110587	
183	sentence	6	it.	3.992363809310382	
184	sentence	1	The princess	15.737474718798719	
184	sentence	2	likes	12.418929132557723	
184	sentence	3	dancing	10.736374704024623	
184	sentence	4	, but does not	23.63170799024054	
184	sentence	5	denationalize	31.43700214286625	
184	sentence	6	it.	3.6444088540500488	
185	sentence	1	The princess	15.737474718798719	
185	sentence	2	likes	12.418929132557723	
185	sentence	3	dancing	10.736374704024623	
185	sentence	4	, but does not	23.63170799024054	
185	sentence	5	digitalize	26.002613949762857	
185	sentence	6	it.	3.918010205897562	
186	sentence	1	The princess	15.737474718798719	
186	sentence	2	likes	12.418929132557723	
186	sentence	3	dancing	10.736374704024623	
186	sentence	4	, but does not	23.63170799024054	
186	sentence	5	reify	23.634503912195612	
186	sentence	6	it.	5.9184222818247	
187	sentence	1	The princess	15.737474718798719	
187	sentence	2	likes	12.418929132557723	
187	sentence	3	dancing	10.736374704024623	
187	sentence	4	, but does not	23.63170799024054	
187	sentence	5	secularize	27.13394424727147	
187	sentence	6	it.	3.8716017194581385	
188	sentence	1	The princess	15.737474718798719	
188	sentence	2	likes	12.418929132557723	
188	sentence	3	dancing	10.736374704024623	
188	sentence	4	, but does not	23.63170799024054	
188	sentence	5	spiritualize	26.544461715649295	
188	sentence	6	it.	4.703233114768397	
189	sentence	1	The princess	15.737474718798719	
189	sentence	2	likes	12.418929132557723	
189	sentence	3	dancing	10.736374704024623	
189	sentence	4	, but does not	23.63170799024054	
189	sentence	5	alkalize	26.44046612843834	
189	sentence	6	it.	5.501404597422691	
190	sentence	1	The princess	15.737474718798719	
190	sentence	2	likes	12.418929132557723	
190	sentence	3	dancing	10.736374704024623	
190	sentence	4	, but does not	23.63170799024054	
190	sentence	5	decentralize	24.724407501716684	
190	sentence	6	it.	4.611489829578885	
191	sentence	1	The princess	15.737474718798719	
191	sentence	2	likes	12.418929132557723	
191	sentence	3	dancing	10.736374704024623	
191	sentence	4	, but does not	23.63170799024054	
191	sentence	5	decolonize	28.782746059425754	
191	sentence	6	it.	5.8466258884475595	
192	sentence	1	The princess	15.737474718798719	
192	sentence	2	likes	12.418929132557723	
192	sentence	3	dancing	10.736374704024623	
192	sentence	4	, but does not	23.63170799024054	
192	sentence	5	demilitarize	29.474225220716814	
192	sentence	6	it.	6.399992966297461	
193	sentence	1	The princess	15.737474718798719	
193	sentence	2	likes	12.418929132557723	
193	sentence	3	dancing	10.736374704024623	
193	sentence	4	, but does not	23.63170799024054	
193	sentence	5	desexualize	23.54691200872612	
193	sentence	6	it.	5.88182953320062	
194	sentence	1	The princess	15.737474718798719	
194	sentence	2	likes	12.418929132557723	
194	sentence	3	dancing	10.736374704024623	
194	sentence	4	, but does not	23.63170799024054	
194	sentence	5	desynchronize	23.625118313738994	
194	sentence	6	it.	6.715096483520583	
195	sentence	1	The princess	15.737474718798719	
195	sentence	2	likes	12.418929132557723	
195	sentence	3	dancing	10.736374704024623	
195	sentence	4	, but does not	23.63170799024054	
195	sentence	5	devitalize	29.61101281840127	
195	sentence	6	it.	6.003304663123341	
196	sentence	1	The princess	15.737474718798719	
196	sentence	2	likes	12.418929132557723	
196	sentence	3	dancing	10.736374704024623	
196	sentence	4	, but does not	23.63170799024054	
196	sentence	5	eroticize	19.53666516390722	
196	sentence	6	it.	3.7173718057479928	
197	sentence	1	The princess	15.737474718798719	
197	sentence	2	likes	12.418929132557723	
197	sentence	3	dancing	10.736374704024623	
197	sentence	4	, but does not	23.63170799024054	
197	sentence	5	officialize	23.348531160340936	
197	sentence	6	it.	2.9387667892823592	
198	sentence	1	The princess	15.737474718798719	
198	sentence	2	likes	12.418929132557723	
198	sentence	3	dancing	10.736374704024623	
198	sentence	4	, but does not	23.63170799024054	
198	sentence	5	quantize	26.19334692314466	
198	sentence	6	it.	4.571306943118044	
199	sentence	1	The princess	15.737474718798719	
199	sentence	2	likes	12.418929132557723	
199	sentence	3	dancing	10.736374704024623	
199	sentence	4	, but does not	23.63170799024054	
199	sentence	5	reharmonize	32.57173367408025	
199	sentence	6	it.	6.5473311912222325	
200	sentence	1	The princess	15.737474718798719	
200	sentence	2	likes	12.418929132557723	
200	sentence	3	dancing	10.736374704024623	
200	sentence	4	, but does not	23.63170799024054	
200	sentence	5	remilitarize	25.59761395617423	
200	sentence	6	it.	8.632714735461159	
201	sentence	1	The princess	15.737474718798719	
201	sentence	2	likes	12.418929132557723	
201	sentence	3	dancing	10.736374704024623	
201	sentence	4	, but does not	23.63170799024054	
201	sentence	5	solarize	27.302955768853632	
201	sentence	6	it.	6.72776919713206	
202	sentence	1	The princess	15.737474718798719	
202	sentence	2	likes	12.418929132557723	
202	sentence	3	dancing	10.736374704024623	
202	sentence	4	, but does not	23.63170799024054	
202	sentence	5	syncretize	31.77419858366595	
202	sentence	6	it.	8.667454714987493	
203	sentence	1	The princess	15.737474718798719	
203	sentence	2	likes	12.418929132557723	
203	sentence	3	dancing	10.736374704024623	
203	sentence	4	, but does not	23.63170799024054	
203	sentence	5	totalize	19.36237781653586	
203	sentence	6	it.	6.273849883265021	
204	sentence	1	The princess	15.737474718798719	
204	sentence	2	likes	12.418929132557723	
204	sentence	3	dancing	10.736374704024623	
204	sentence	4	, but does not	23.63170799024054	
204	sentence	5	alchemize	24.39611910654781	
204	sentence	6	it.	5.861373228776395	
205	sentence	1	The princess	15.737474718798719	
205	sentence	2	likes	12.418929132557723	
205	sentence	3	dancing	10.736374704024623	
205	sentence	4	, but does not	23.63170799024054	
205	sentence	5	aluminize	32.293028256054406	
205	sentence	6	it.	6.702138106726023	
206	sentence	1	The princess	15.737474718798719	
206	sentence	2	likes	12.418929132557723	
206	sentence	3	dancing	10.736374704024623	
206	sentence	4	, but does not	23.63170799024054	
206	sentence	5	analogize	23.952877572035735	
206	sentence	6	it.	5.6703644812139355	
207	sentence	1	The princess	15.737474718798719	
207	sentence	2	likes	12.418929132557723	
207	sentence	3	dancing	10.736374704024623	
207	sentence	4	, but does not	23.63170799024054	
207	sentence	5	attitudinize	39.93236724453101	
207	sentence	6	it.	7.441669008880927	
208	sentence	1	The princess	15.737474718798719	
208	sentence	2	likes	12.418929132557723	
208	sentence	3	dancing	10.736374704024623	
208	sentence	4	, but does not	23.63170799024054	
208	sentence	5	deionize	29.573392129472985	
208	sentence	6	it.	6.024512187766535	
209	sentence	1	The princess	15.737474718798719	
209	sentence	2	likes	12.418929132557723	
209	sentence	3	dancing	10.736374704024623	
209	sentence	4	, but does not	23.63170799024054	
209	sentence	5	demythologize	32.082008381159476	
209	sentence	6	it.	4.225403740882505	
210	sentence	1	The princess	15.737474718798719	
210	sentence	2	likes	12.418929132557723	
210	sentence	3	dancing	10.736374704024623	
210	sentence	4	, but does not	23.63170799024054	
210	sentence	5	deoxidize	34.79596151302578	
210	sentence	6	it.	6.904371473979694	
211	sentence	1	The princess	15.737474718798719	
211	sentence	2	likes	12.418929132557723	
211	sentence	3	dancing	10.736374704024623	
211	sentence	4	, but does not	23.63170799024054	
211	sentence	5	dichotomize	26.900572077464624	
211	sentence	6	it.	5.347513317552094	
212	sentence	1	The princess	15.737474718798719	
212	sentence	2	likes	12.418929132557723	
212	sentence	3	dancing	10.736374704024623	
212	sentence	4	, but does not	23.63170799024054	
212	sentence	5	dogmatize	27.85605085614119	
212	sentence	6	it.	7.006950698069468	
213	sentence	1	The princess	15.737474718798719	
213	sentence	2	likes	12.418929132557723	
213	sentence	3	dancing	10.736374704024623	
213	sentence	4	, but does not	23.63170799024054	
213	sentence	5	factorize	36.353998180568425	
213	sentence	6	it.	6.136739982535014	
214	sentence	1	The princess	15.737474718798719	
214	sentence	2	likes	12.418929132557723	
214	sentence	3	dancing	10.736374704024623	
214	sentence	4	, but does not	23.63170799024054	
214	sentence	5	iodize	28.77287600733948	
214	sentence	6	it.	4.585690712122956	
215	sentence	1	The princess	15.737474718798719	
215	sentence	2	likes	12.418929132557723	
215	sentence	3	dancing	10.736374704024623	
215	sentence	4	, but does not	23.63170799024054	
215	sentence	5	overcapitalize	33.24687871374152	
215	sentence	6	it.	6.283166097470935	
216	sentence	1	The princess	15.737474718798719	
216	sentence	2	likes	12.418929132557723	
216	sentence	3	dancing	10.736374704024623	
216	sentence	4	, but does not	23.63170799024054	
216	sentence	5	overspecialize	29.369797433546413	
216	sentence	6	it.	6.1464320648243875	
217	sentence	1	The princess	15.737474718798719	
217	sentence	2	likes	12.418929132557723	
217	sentence	3	dancing	10.736374704024623	
217	sentence	4	, but does not	23.63170799024054	
217	sentence	5	relativize	24.605660597078092	
217	sentence	6	it.	5.40420774237432	
218	sentence	1	The princess	15.737474718798719	
218	sentence	2	likes	12.418929132557723	
218	sentence	3	dancing	10.736374704024623	
218	sentence	4	, but does not	23.63170799024054	
218	sentence	5	schematize	29.56048223028814	
218	sentence	6	it.	6.89918585309088	
219	sentence	1	The princess	15.737474718798719	
219	sentence	2	likes	12.418929132557723	
219	sentence	3	dancing	10.736374704024623	
219	sentence	4	, but does not	23.63170799024054	
219	sentence	5	sensualize	18.02554291276718	
219	sentence	6	it.	5.23889234293751	
220	sentence	1	The princess	15.737474718798719	
220	sentence	2	likes	12.418929132557723	
220	sentence	3	dancing	10.736374704024623	
220	sentence	4	, but does not	23.63170799024054	
220	sentence	5	signalize	32.75182430996931	
220	sentence	6	it.	5.7996945747495126	
221	sentence	1	The princess	15.737474718798719	
221	sentence	2	likes	12.418929132557723	
221	sentence	3	dancing	10.736374704024623	
221	sentence	4	, but does not	23.63170799024054	
221	sentence	5	singularize	26.67518056909059	
221	sentence	6	it.	4.8743998799355115	
222	sentence	1	The princess	15.737474718798719	
222	sentence	2	likes	12.418929132557723	
222	sentence	3	dancing	10.736374704024623	
222	sentence	4	, but does not	23.63170799024054	
222	sentence	5	steepen	25.65511156684827	
222	sentence	6	it.	7.516049613569933	
223	sentence	1	The princess	15.737474718798719	
223	sentence	2	likes	12.418929132557723	
223	sentence	3	dancing	10.736374704024623	
223	sentence	4	, but does not	23.63170799024054	
223	sentence	5	subtilize	28.830151647530297	
223	sentence	6	it.	5.127772116440588	
224	sentence	1	The princess	15.737474718798719	
224	sentence	2	likes	12.418929132557723	
224	sentence	3	dancing	10.736374704024623	
224	sentence	4	, but does not	23.63170799024054	
224	sentence	5	syllogize	30.74496546437458	
224	sentence	6	it.	5.433661835126387	
225	sentence	1	The princess	15.737474718798719	
225	sentence	2	likes	12.418929132557723	
225	sentence	3	dancing	10.736374704024623	
225	sentence	4	, but does not	23.63170799024054	
225	sentence	5	loathe	15.368381483409996	
225	sentence	6	it.	4.222096084549786	
226	sentence	1	The princess	15.737474718798719	
226	sentence	2	likes	12.418929132557723	
226	sentence	3	dancing	10.736374704024623	
226	sentence	4	, but does not	23.63170799024054	
226	sentence	5	love	4.859366360475641	
226	sentence	6	it.	6.297287506941954	
227	sentence	1	The princess	15.737474718798719	
227	sentence	2	likes	12.418929132557723	
227	sentence	3	dancing	10.736374704024623	
227	sentence	4	, but does not	23.63170799024054	
227	sentence	5	will	13.579045671189435	
227	sentence	6	it.	8.994103427563036	
228	sentence	1	The princess	15.737474718798719	
228	sentence	2	likes	12.418929132557723	
228	sentence	3	dancing	10.736374704024623	
228	sentence	4	, but does not	23.63170799024054	
228	sentence	5	have to	9.88840117326408	
228	sentence	6	it.	13.576859599714318	
229	sentence	1	The princess	15.737474718798719	
229	sentence	2	likes	12.418929132557723	
229	sentence	3	dancing	10.736374704024623	
229	sentence	4	, but does not	23.63170799024054	
229	sentence	5	win	10.99808483142618	
229	sentence	6	it.	8.56828384307252	
230	sentence	1	The princess	15.737474718798719	
230	sentence	2	likes	12.418929132557723	
230	sentence	3	dancing	10.736374704024623	
230	sentence	4	, but does not	23.63170799024054	
230	sentence	5	finish	11.829852780961224	
230	sentence	6	it.	5.812926231976293	
